{
  "npcId": "dojin",
  "npcName": "서도진",
  "scenes": [
    {
      "id": "scene1",
      "type": "narration",
      "speaker": "dojin",

      "text": "카페 문이 거칠게 열리며 고급 정장을 입은 남자가 들어온다.",
      "background": "/assets/backgrounds/cafe_afternoon.png",
      "characters": [
        {
          "characterType": "npc",
          "npcId": "dojin",
          "position": "center",
          "emotion": "wink"
        }
      ],
      "nextSceneId": "scene2"
    },
    {
      "id": "scene2",
      "type": "dialogue",
      "speaker": "dojin",
      "text": "야, 요한! 나 오늘 계약도 성공했어. 돈 버는게 제일 쉽다.",
      "characters": [
        {
          "characterType": "player",
          "position": "left",
          "emotion": "surprised"
        },
        {
          "characterType": "npc",
          "npcId": "dojin",
          "position": "right",
          "emotion": "wink"
        },
        {
          "characterType": "npc",
          "npcId": "yohan",
          "position": "center",
          "emotion": "normal"
        }
      ],
      "nextSceneId": "scene3"
    },
    {
      "id": "scene3",
      "type": "dialogue",
      "speaker": "yohan",
      "text": "그래, 축하한다. 커피라도 한잔 마시고 갈래?",
      "characters": [
        {
          "characterType": "player",
          "position": "left",
          "emotion": "normal"
        },
        {
          "characterType": "npc",
          "npcId": "dojin",
          "position": "right",
          "emotion": "normal"
        },
        {
          "characterType": "npc",
          "npcId": "yohan",
          "position": "center",
          "emotion": "normal"
        }
      ],
      "nextSceneId": "scene4"
    },
    {
      "id": "scene4",
      "type": "dialogue",
      "speaker": "yohan",
      "text": "아, 인사해. 오늘부터 같이 일하기로 한 알바생이야.",
      "characters": [
        {
          "characterType": "player",
          "position": "left",
          "emotion": "angry"
        },
        {
          "characterType": "npc",
          "npcId": "dojin",
          "position": "right",
          "emotion": "surprised"
        },
        {
          "characterType": "npc",
          "npcId": "yohan",
          "position": "center",
          "emotion": "happy"
        }
      ],
      "nextSceneId": "scene5"
    },
    {
      "id": "scene5",
      "type": "dialogue",
      "speaker": "dojin",
      "text": "... 넌 여전히 이런 구석진 카페에서 소꿉놀이하느라 바쁘구나?",
      "characters": [
        {
          "characterType": "player",
          "position": "left",
          "emotion": "surprised"
        },
        {
          "characterType": "npc",
          "npcId": "dojin",
          "position": "right",
          "emotion": "happy"
        },
        {
          "characterType": "npc",
          "npcId": "yohan",
          "position": "center",
          "emotion": "blank"
        }
      ],
      "nextSceneId": "scene6"
    },
    {
      "id": "scene6",
      "type": "monologue",
      "speaker": "player",
      "text": "(…뭐 저렇게까지 말하지? 옆에서 듣기에도 기분 나쁜데.)",
      "characters": [
        {
          "characterType": "player",
          "position": "left",
          "emotion": "angry"
        },
        {
          "characterType": "npc",
          "npcId": "dojin",
          "position": "right",
          "emotion": "happy"
        },
        {
          "characterType": "npc",
          "npcId": "yohan",
          "position": "center",
          "emotion": "normal"
        }
      ],
      "nextSceneId": "scene7"
    },
    {
      "id": "scene7",
      "type": "dialogue",
      "speaker": "dojin",
      "text": "아, 네가 새로 온 알바생? 나는 서도진. 보다시피 이 동네에서 제일 잘나가는 사람이지.",
      "characters": [
        {
          "characterType": "player",
          "position": "left",
          "emotion": "angry"
        },
        {
          "characterType": "npc",
          "npcId": "dojin",
          "position": "right",
          "emotion": "wink"
        },
        {
          "characterType": "npc",
          "npcId": "yohan",
          "position": "center",
          "emotion": "normal"
        }
      ],
      "nextSceneId": "scene8"
    },
    {
      "id": "scene8",
      "type": "choice",
      "speaker": "player",
      "text": "도진의 거만한 태도에 뭐라고 대답할까?",
      "characters": [
        {
          "characterType": "player",
          "position": "left",
          "emotion": "angry"
        },
        {
          "characterType": "npc",
          "npcId": "dojin",
          "position": "right",
          "emotion": "wink"
        },
        {
          "characterType": "npc",
          "npcId": "yohan",
          "position": "center",
          "emotion": "normal"
        }
      ],
      "choices": [
        {
          "id": "choice1",
          "text": "성공하셨다니 축하드려요.",
          "audioReference": "/assets/audio/references/dojin/dojin_choice1.mp3",
          "nextSceneId": null,
          "affinityChange": 5
        },
        {
          "id": "choice2",
          "text": "저는 이곳에서 일하게 된 신입이에요.",
          "audioReference": "/assets/audio/references/dojin/dojin_choice2.mp3",
          "nextSceneId": null,
          "affinityChange": 3
        },
        {
          "id": "choice3",
          "text": "무시하는 태도가 너무 별로네요.",
          "audioReference": "/assets/audio/references/dojin/dojin_choice3.mp3",
          "nextSceneId": null,
          "affinityChange": -4
        }
      ]
    }
  ]
}
