{
  "npcId": "jihoon",
  "npcName": "송지훈",
  "scenes": [
    {
      "id": "scene1",
      "type": "narration",
      "text": "카페 문을 닫는 시간, 밖은 어둑해지고 있다.",
      "background": "/assets/backgrounds/cafe_night.png",
      "nextSceneId": "scene2"
    },
    {
      "id": "scene2",
      "type": "dialogue",
      "speaker": "player",
      "background": "/assets/backgrounds/cafe_night.png",
      "text": "알바 첫날에 회식은 처음이에요! 환대해 주셔서 감사해요.",
      "characters": [
        {
          "characterType": "player",
          "position": "center",
          "emotion": "normal"
        }
      ],
      "nextSceneId": "scene3"
    },
    {
      "id": "scene3",
      "type": "monologue",
      "speaker": "player",
      "background": "/assets/backgrounds/cafe_night.png",
      "text": "(아! 배부르다! 요즘 돈 없어서 외식이나 배달은 꿈도 못 꿨는데..)",
      "characters": [
        {
          "characterType": "player",
          "position": "center",
          "emotion": "happy"
        }
      ],
      "nextSceneId": "scene4"
    },
    {
      "id": "scene4",
      "type": "dialogue",
      "speaker": "jihoon",
      "text": "한 잔 더 마실래요? 도진이 형이 사주는 와인 먹을 기회 흔치 않아요.",
      "background": "/assets/backgrounds/cafe_night.png",
      "characters": [
        {
          "characterType": "player",
          "position": "left",
          "emotion": "normal"
        },
        {
          "characterType": "npc",
          "npcId": "jihoon",
          "position": "right",
          "emotion": "happy"
        }
      ],
      "nextSceneId": "scene5"
    },
    {
      "id": "scene6",
      "type": "dialogue",
      "speaker": "hojun",
      "background": "/assets/backgrounds/cafe_night.png",
      "text": "그만 마셔요. 더 마시면 취할지도 몰라요. 와인이 은근히 잘 취하는 술이에요.",
      "characters": [
        {
          "characterType": "player",
          "position": "left",
          "emotion": "shy"
        },
        {
          "characterType": "npc",
          "npcId": "hojun",
          "position": "center",
          "emotion": "worried"
        },
        {
          "characterType": "npc",
          "npcId": "jihoon",
          "position": "right",
          "emotion": "normal"
        }
      ],
      "nextSceneId": "scene7"
    },
    {
      "id": "scene7",
      "type": "dialogue",
      "speaker": "player",
      "text": "아. 네. 안 그래도 그만 마시려고 했어요.",
      "background": "/assets/backgrounds/cafe_night.png",
      "characters": [
        {
          "characterType": "player",
          "position": "left",
          "emotion": "shy"
        },
        {
          "characterType": "npc",
          "npcId": "hojun",
          "position": "center",
          "emotion": "worried"
        },
        {
          "characterType": "npc",
          "npcId": "jihoon",
          "position": "right",
          "emotion": "normal"
        }
      ],
      "nextSceneId": "scene8"
    },
    {
      "id": "scene8",
      "type": "dialogue",
      "speaker": "jihoon",
      "text": "야. 누가 보면 호준이 너가 흑기산줄 알겠다.",
      "background": "/assets/backgrounds/cafe_night.png",
      "characters": [
        {
          "characterType": "player",
          "position": "left",
          "emotion": "shy2"
        },
        {
          "characterType": "npc",
          "npcId": "hojun",
          "position": "center",
          "emotion": "surprised"
        },
        {
          "characterType": "npc",
          "npcId": "jihoon",
          "position": "right",
          "emotion": "happy"
        }
      ],
      "nextSceneId": "scene9"
    },
    {
      "id": "scene9",
      "type": "dialogue",
      "speaker": "player",
      "text": "저 조금 어지러워서, 먼저 들어가야 할 것 같아요",
      "background": "/assets/backgrounds/cafe_night.png",
      "characters": [
        {
          "characterType": "player",
          "position": "left",
          "emotion": "shy"
        },
        {
          "characterType": "npc",
          "npcId": "jihoon",
          "position": "right",
          "emotion": "worried"
        }
      ],
      "nextSceneId": "scene10"
    },
    {
      "id": "scene10",
      "type": "dialogue",
      "speaker": "jihoon",
      "text": "그래요. 요한이 형. 저도 가볼게요. 집이 이쪽이에요? 같은 방향이면 같이 가요.",
      "background": "/assets/backgrounds/cafe_night.png",
      "characters": [
        {
          "characterType": "player",
          "position": "left",
          "emotion": "shy2"
        },
        {
          "characterType": "npc",
          "npcId": "jihoon",
          "position": "right",
          "emotion": "happy"
        }
      ],
      "nextSceneId": "scene11"
    },
    {
      "id": "scene11",
      "type": "choice",
      "speaker": "player",
      "text": "같이 가자는 지훈씨 제안… 뭐라고 말하는 게 좋을까?",
      "background": "/assets/backgrounds/cafe_night.png",

      "choices": [
        {
          "id": "choice1",
          "text": "먼저 들어가세요.",
          "audioReference": "/assets/audio/references/jihoon/jihoon_choice1.mp3",
          "nextSceneId": null,
          "affinityChange": 8
        },
        {
          "id": "choice2",
          "text": "네, 너무 좋아요.",
          "audioReference": "/assets/audio/references/jihoon/jihoon_choice2.mp3",
          "nextSceneId": null,
          "affinityChange": 6
        },
        {
          "id": "choice3",
          "text": "안녕하세요 감사합니다",
          "audioReference": "/assets/audio/references/jihoon/jihoon_choice3.mp3",
          "nextSceneId": null,
          "affinityChange": -2
        }
      ]
    }
  ]
}
