{
  "npcId": "mihyun",
  "npcName": "이미현",
  "scenes": [
    {
      "id": "scene1",
      "type": "narration",
      "text": "도서관에서 이력서를 수정하던 중, 책 수레를 밀며 지나가는 사서를 발견한다.",
      "background": "/assets/backgrounds/library.png",
      "characters": [
        {
          "characterType": "player",
          "position": "center",
          "emotion": "normal"
        }
      ],
      "nextSceneId": "scene2"
    },
    {
      "id": "scene2",
      "type": "dialogue",
      "speaker": "mihyun",
      "text": "혹시... 그때 헌팅포차에서 절 구해주신 분 아니신가요?",
      "background": "/assets/backgrounds/library.png",
      "characters": [
        {
          "characterType": "player",
          "position": "left",
          "emotion": "surprised"
        },
        {
          "characterType": "npc",
          "npcId": "mihyun",
          "position": "right",
          "emotion": "shy"
        }
      ],
      "nextSceneId": "scene3"
    },
    {
      "id": "scene3",
      "type": "monologue",
      "speaker": "player",
      "text": "(메시지를 보냈는데 답이 없었던 그녀다. 도서관 사서였구나...)",
      "background": "/assets/backgrounds/library.png",
      "characters": [
        {
          "characterType": "player",
          "position": "left",
          "emotion": "shy"
        },
        {
          "characterType": "npc",
          "npcId": "mihyun",
          "position": "right",
          "emotion": "normal"
        }
      ],
      "nextSceneId": "scene4"
    },
    {
      "id": "scene4",
      "type": "dialogue",
      "speaker": "mihyun",
      "text": "메시지를 보냈다고요? 받은 적 없는데... 아, 번호가 틀렸네요! 오타가 있었나 봐요.",
      "background": "/assets/backgrounds/library.png",
      "characters": [
        {
          "characterType": "player",
          "position": "left",
          "emotion": "surprised"
        },
        {
          "characterType": "npc",
          "npcId": "mihyun",
          "position": "right",
          "emotion": "surprised"
        }
      ],
      "nextSceneId": "scene5"
    },
    {
      "id": "scene5",
      "type": "dialogue",
      "speaker": "mihyun",
      "text": "내일 점심 같이 먹을래요? 제가 신세진 것도 있고... 자리는 제가 정할게요.",
      "background": "/assets/backgrounds/library.png",
      "characters": [
        {
          "characterType": "player",
          "position": "left",
          "emotion": "happy"
        },
        {
          "characterType": "npc",
          "npcId": "mihyun",
          "position": "right",
          "emotion": "shy"
        }
      ],
      "nextSceneId": "scene6"
    },
    {
      "id": "scene6",
      "type": "narration",
      "text": "이탈리안 레스토랑에서 식사를 하며 대화를 나눈다.",
      "background": "assets/backgrounds/restaurant.png",
      "characters": [
        {
          "characterType": "player",
          "position": "left",
          "emotion": "happy"
        },
        {
          "characterType": "npc",
          "npcId": "mihyun",
          "position": "right",
          "emotion": "normal"
        }
      ],
      "nextSceneId": "scene7"
    },
    {
      "id": "scene7",
      "type": "dialogue",
      "speaker": "mihyun",
      "text": "아버지도 군인이세요... 지금도... 춤추는 걸 너무 싫어하셔서...",
      "background": "assets/backgrounds/restaurant.png",
      "characters": [
        {
          "characterType": "player",
          "position": "left",
          "emotion": "worried"
        },
        {
          "characterType": "npc",
          "npcId": "mihyun",
          "position": "right",
          "emotion": "sad"
        }
      ],
      "nextSceneId": "scene8"
    },
    {
      "id": "scene8",
      "type": "dialogue",
      "speaker": "mihyun",
      "text": "이런 내 모습을 싫어하는 사람이라면 좋진 않겠죠.",
      "background": "assets/backgrounds/club.png",
      "characters": [
        {
          "characterType": "player",
          "position": "left",
          "emotion": "surprised"
        },
        {
          "characterType": "npc",
          "npcId": "mihyun",
          "position": "right",
          "emotion": "worried"
        }
      ],
      "nextSceneId": "scene9"
    },
    {
      "id": "scene9",
      "type": "dialogue",
      "speaker": "player",
      "text": "싫진 않아요. 오히려 멋있어요. 사람마다 자기 사정이 있는 거잖아요.",
      "background": "assets/backgrounds/club.png",
      "characters": [
        {
          "characterType": "player",
          "position": "left",
          "emotion": "happy"
        },
        {
          "characterType": "npc",
          "npcId": "mihyun",
          "position": "right",
          "emotion": "normal"
        }
      ],
      "nextSceneId": "scene10"
    },
    {
      "id": "scene10",
      "type": "dialogue",
      "speaker": "mihyun",
      "text": "중학교 때까지 춤을 췄어요. 아빠한테 들켜서 춤출 때 입던 옷들을 다 찢어서 버리셨어요.",
      "background": "assets/backgrounds/club.png",
      "characters": [
        {
          "characterType": "player",
          "position": "left",
          "emotion": "worried"
        },
        {
          "characterType": "npc",
          "npcId": "mihyun",
          "position": "right",
          "emotion": "sad"
        }
      ],
      "nextSceneId": "scene12"
    },
    {
      "id": "scene12",
      "type": "choice",
      "text": "미현의 고백을 들은 후 어떻게 반응할까?",
      "background": "/assets/backgrounds/club.png",
      "characters": [
        {
          "characterType": "player",
          "position": "left",
          "emotion": "worried"
        },
        {
          "characterType": "npc",
          "npcId": "mihyun",
          "position": "right",
          "emotion": "shy"
        }
      ],
      "choices": [
        {
          "id": "choice1",
          "text": "반전 매력이 있네요. 더 알아가고 싶어요.",
          "audioReference": "/assets/audio/references/mihyun/mihyun_choice1.mp3",
          "nextSceneId": null,
          "affinityChange": 10
        },
        {
          "id": "choice2",
          "text": "힘들었겠다. 유일한 스트레스 해소 방법이 춤이었는데...",
          "audioReference": "/assets/audio/references/mihyun/mihyun_choice2.mp3",
          "nextSceneId": null,
          "affinityChange": 7
        },
        {
          "id": "choice3",
          "text": "아버지 말씀도 일리가 있지 않을까요?",
          "audioReference": "/assets/audio/references/mihyun/mihyun_choice3.mp3",
          "nextSceneId": null,
          "affinityChange": -5
        }
      ]
    }
  ]
}
